<?xml version="1.0" encoding="UTF-8"?>
<project-private xmlns="http://www.netbeans.org/ns/project-private/1">
    <editor-bookmarks xmlns="http://www.netbeans.org/ns/editor-bookmarks/2" lastBookmarkId="0"/>
    <open-files xmlns="http://www.netbeans.org/ns/projectui-open-files/2">
        <group>
            <file>file:/C:/Users/ppereira/Documents/NetBeansProjects/BELLA_ARTE/src/TELAS/GRAFICO.java</file>
            <file>file:/C:/Users/ppereira/Documents/NetBeansProjects/BELLA_ARTE/src/BELLA_ARTE.java</file>
            <file>file:/C:/Users/ppereira/Documents/NetBeansProjects/BELLA_ARTE/src/CLASSES/GraficoBarra.java</file>
            <file>file:/C:/Users/ppereira/Documents/NetBeansProjects/BELLA_ARTE/src/CLASSES/Txt.java</file>
        </group>
    </open-files>
</project-private>
